{"count":1,"gauges":{"RobotBrain.CumulativeReward":{"count":7610,"max":1,"min":-1,"value":-1,"weightedAverage":-0.471938252}},"self":1068.2723328,"total":1527.2979352,"children":{"AgentSendState":{"count":964151,"self":8.9580568,"total":12.551264999999999,"children":{"CollectObservations":{"count":96416,"self":0.67488019999999993,"total":0.67488019999999993,"children":null},"CollectDiscreteActionMasks":{"count":96416,"self":0.21423109999999998,"total":0.21423109999999998,"children":null},"AgentInfo.ToProto":{"count":96416,"self":1.0700981999999999,"total":2.7040971,"children":{"GenerateSensorData":{"count":96416,"self":1.6339989,"total":1.6339989,"children":null}}}}},"DecideAction":{"count":964151,"self":439.5224576,"total":439.5224397,"children":null},"AgentAct":{"count":964151,"self":6.7477367999999993,"total":6.9508931999999994,"children":{"AgentInfo.ToProto":{"count":7610,"self":0.0696395,"total":0.20315609999999998,"children":{"GenerateSensorData":{"count":7610,"self":0.13351659999999999,"total":0.13351659999999999,"children":null}}}}}}}