{"count":1,"gauges":{"RobotBrain.CumulativeReward":{"count":6666,"max":1,"min":-1,"value":-1,"weightedAverage":-0.5443203}},"self":823.0702592,"total":1267.3511346,"children":{"AgentSendState":{"count":957451,"self":8.8161504,"total":12.442686199999999,"children":{"CollectObservations":{"count":95746,"self":0.6786734,"total":0.6786734,"children":null},"CollectDiscreteActionMasks":{"count":95746,"self":0.2085177,"total":0.2085177,"children":null},"AgentInfo.ToProto":{"count":95746,"self":1.1024019,"total":2.7393446999999997,"children":{"GenerateSensorData":{"count":95746,"self":1.6369428,"total":1.6369428,"children":null}}}}},"DecideAction":{"count":957451,"self":424.92600319999997,"total":424.9260142,"children":null},"AgentAct":{"count":957451,"self":6.7369008,"total":6.9101881999999994,"children":{"AgentInfo.ToProto":{"count":6666,"self":0.062440199999999994,"total":0.1732871,"children":{"GenerateSensorData":{"count":6666,"self":0.1108469,"total":0.1108469,"children":null}}}}}}}