{"count":1,"gauges":{"RobotBrain.CumulativeReward":{"count":5551,"max":1,"min":-1,"value":-1,"weightedAverage":-0.999105334}},"self":172.1357056,"total":279.2523916,"children":{"AgentSendState":{"count":170984,"self":1.6303299,"total":2.3355547999999997,"children":{"CollectObservations":{"count":17099,"self":0.13693,"total":0.13693,"children":null},"CollectDiscreteActionMasks":{"count":17099,"self":0.033871399999999996,"total":0.033871399999999996,"children":null},"AgentInfo.ToProto":{"count":17099,"self":0.2372384,"total":0.53442349999999994,"children":{"GenerateSensorData":{"count":17099,"self":0.2971851,"total":0.2971851,"children":null}}}}},"DecideAction":{"count":170984,"self":103.07694079999999,"total":103.07694389999999,"children":null},"AgentAct":{"count":170984,"self":1.5436085,"total":1.7031904999999998,"children":{"AgentInfo.ToProto":{"count":5551,"self":0.068794399999999992,"total":0.159582,"children":{"GenerateSensorData":{"count":5551,"self":0.0907876,"total":0.0907876,"children":null}}}}}}}