{"count":1,"gauges":{"RobotBrain.CumulativeReward":{"count":21,"max":-1,"min":-1,"value":-1,"weightedAverage":-1}},"self":44.8195392,"total":45.3331465,"children":{"AgentSendState":{"count":2230,"self":0.0248262,"total":0.0318209,"children":{"CollectObservations":{"count":223,"self":0.0059977999999999993,"total":0.0059977999999999993,"children":null},"CollectDiscreteActionMasks":{"count":223,"self":0.0009969,"total":0.0009969,"children":null}}},"DecideAction":{"count":2230,"self":0.46691249999999995,"total":0.46691249999999995,"children":null},"AgentAct":{"count":2230,"self":0.0138737,"total":0.0138737,"children":null}}}