{"cameraMode":{"drawMode":0,"name":"Shaded","section":"Shading Mode"},"sceneLighting":true,"audioPlay":false,"sceneViewState":{"showFog":true,"showMaterialUpdate":false,"showSkybox":true,"showFlares":true,"showImageEffects":true,"showParticleSystems":true},"in2DMode":false,"pivot":{"x":-2.129976987838745,"y":0.6417932510375977,"z":3.0163416862487795},"rotation":{"x":-0.10251429677009583,"y":0.6130331158638,"z":-0.08065159618854523,"w":-0.7792147994041443},"size":8.082571983337403,"orthographic":false}